[{"model": "auth.permission", "pk": 1, "fields": {"name": "Can add log entry", "content_type": 1, "codename": "add_logentry"}}, {"model": "auth.permission", "pk": 2, "fields": {"name": "Can change log entry", "content_type": 1, "codename": "change_logentry"}}, {"model": "auth.permission", "pk": 3, "fields": {"name": "Can delete log entry", "content_type": 1, "codename": "delete_logentry"}}, {"model": "auth.permission", "pk": 4, "fields": {"name": "Can view log entry", "content_type": 1, "codename": "view_logentry"}}, {"model": "auth.permission", "pk": 5, "fields": {"name": "Can add permission", "content_type": 2, "codename": "add_permission"}}, {"model": "auth.permission", "pk": 6, "fields": {"name": "Can change permission", "content_type": 2, "codename": "change_permission"}}, {"model": "auth.permission", "pk": 7, "fields": {"name": "Can delete permission", "content_type": 2, "codename": "delete_permission"}}, {"model": "auth.permission", "pk": 8, "fields": {"name": "Can view permission", "content_type": 2, "codename": "view_permission"}}, {"model": "auth.permission", "pk": 9, "fields": {"name": "Can add group", "content_type": 3, "codename": "add_group"}}, {"model": "auth.permission", "pk": 10, "fields": {"name": "Can change group", "content_type": 3, "codename": "change_group"}}, {"model": "auth.permission", "pk": 11, "fields": {"name": "Can delete group", "content_type": 3, "codename": "delete_group"}}, {"model": "auth.permission", "pk": 12, "fields": {"name": "Can view group", "content_type": 3, "codename": "view_group"}}, {"model": "auth.permission", "pk": 13, "fields": {"name": "Can add user", "content_type": 4, "codename": "add_user"}}, {"model": "auth.permission", "pk": 14, "fields": {"name": "Can change user", "content_type": 4, "codename": "change_user"}}, {"model": "auth.permission", "pk": 15, "fields": {"name": "Can delete user", "content_type": 4, "codename": "delete_user"}}, {"model": "auth.permission", "pk": 16, "fields": {"name": "Can view user", "content_type": 4, "codename": "view_user"}}, {"model": "auth.permission", "pk": 17, "fields": {"name": "Can add content type", "content_type": 5, "codename": "add_contenttype"}}, {"model": "auth.permission", "pk": 18, "fields": {"name": "Can change content type", "content_type": 5, "codename": "change_contenttype"}}, {"model": "auth.permission", "pk": 19, "fields": {"name": "Can delete content type", "content_type": 5, "codename": "delete_contenttype"}}, {"model": "auth.permission", "pk": 20, "fields": {"name": "Can view content type", "content_type": 5, "codename": "view_contenttype"}}, {"model": "auth.permission", "pk": 21, "fields": {"name": "Can add session", "content_type": 6, "codename": "add_session"}}, {"model": "auth.permission", "pk": 22, "fields": {"name": "Can change session", "content_type": 6, "codename": "change_session"}}, {"model": "auth.permission", "pk": 23, "fields": {"name": "Can delete session", "content_type": 6, "codename": "delete_session"}}, {"model": "auth.permission", "pk": 24, "fields": {"name": "Can view session", "content_type": 6, "codename": "view_session"}}, {"model": "auth.permission", "pk": 25, "fields": {"name": "Can add chat message", "content_type": 7, "codename": "add_chatmessage"}}, {"model": "auth.permission", "pk": 26, "fields": {"name": "Can change chat message", "content_type": 7, "codename": "change_chatmessage"}}, {"model": "auth.permission", "pk": 27, "fields": {"name": "Can delete chat message", "content_type": 7, "codename": "delete_chatmessage"}}, {"model": "auth.permission", "pk": 28, "fields": {"name": "Can view chat message", "content_type": 7, "codename": "view_chatmessage"}}, {"model": "auth.permission", "pk": 29, "fields": {"name": "Can add post", "content_type": 8, "codename": "add_post"}}, {"model": "auth.permission", "pk": 30, "fields": {"name": "Can change post", "content_type": 8, "codename": "change_post"}}, {"model": "auth.permission", "pk": 31, "fields": {"name": "Can delete post", "content_type": 8, "codename": "delete_post"}}, {"model": "auth.permission", "pk": 32, "fields": {"name": "Can view post", "content_type": 8, "codename": "view_post"}}, {"model": "auth.permission", "pk": 33, "fields": {"name": "Can add uploaded image", "content_type": 9, "codename": "add_uploadedimage"}}, {"model": "auth.permission", "pk": 34, "fields": {"name": "Can change uploaded image", "content_type": 9, "codename": "change_uploadedimage"}}, {"model": "auth.permission", "pk": 35, "fields": {"name": "Can delete uploaded image", "content_type": 9, "codename": "delete_uploadedimage"}}, {"model": "auth.permission", "pk": 36, "fields": {"name": "Can view uploaded image", "content_type": 9, "codename": "view_uploadedimage"}}, {"model": "auth.permission", "pk": 37, "fields": {"name": "Can add password reset code", "content_type": 10, "codename": "add_passwordresetcode"}}, {"model": "auth.permission", "pk": 38, "fields": {"name": "Can change password reset code", "content_type": 10, "codename": "change_passwordresetcode"}}, {"model": "auth.permission", "pk": 39, "fields": {"name": "Can delete password reset code", "content_type": 10, "codename": "delete_passwordresetcode"}}, {"model": "auth.permission", "pk": 40, "fields": {"name": "Can view password reset code", "content_type": 10, "codename": "view_passwordresetcode"}}, {"model": "auth.permission", "pk": 41, "fields": {"name": "Can add user", "content_type": 11, "codename": "add_customuser"}}, {"model": "auth.permission", "pk": 42, "fields": {"name": "Can change user", "content_type": 11, "codename": "change_customuser"}}, {"model": "auth.permission", "pk": 43, "fields": {"name": "Can delete user", "content_type": 11, "codename": "delete_customuser"}}, {"model": "auth.permission", "pk": 44, "fields": {"name": "Can view user", "content_type": 11, "codename": "view_customuser"}}, {"model": "contenttypes.contenttype", "pk": 1, "fields": {"app_label": "admin", "model": "logentry"}}, {"model": "contenttypes.contenttype", "pk": 2, "fields": {"app_label": "auth", "model": "permission"}}, {"model": "contenttypes.contenttype", "pk": 3, "fields": {"app_label": "auth", "model": "group"}}, {"model": "contenttypes.contenttype", "pk": 4, "fields": {"app_label": "auth", "model": "user"}}, {"model": "contenttypes.contenttype", "pk": 5, "fields": {"app_label": "contenttypes", "model": "contenttype"}}, {"model": "contenttypes.contenttype", "pk": 6, "fields": {"app_label": "sessions", "model": "session"}}, {"model": "contenttypes.contenttype", "pk": 7, "fields": {"app_label": "chatbot", "model": "chatmessage"}}, {"model": "contenttypes.contenttype", "pk": 8, "fields": {"app_label": "board", "model": "post"}}, {"model": "contenttypes.contenttype", "pk": 9, "fields": {"app_label": "detect", "model": "uploadedimage"}}, {"model": "contenttypes.contenttype", "pk": 10, "fields": {"app_label": "find_ps", "model": "passwordresetcode"}}, {"model": "contenttypes.contenttype", "pk": 11, "fields": {"app_label": "signup", "model": "customuser"}}, {"model": "sessions.session", "pk": "0b5ascpfbmd2tyusis86u5n6nqltpc2u", "fields": {"session_data": ".eJxVi80KwjAMgN8lZxnVtGvqUZ_Bc8nSxg5xil1P4rs7YQi7fj9vaDW_4pjgSDuI3OYS_wQINmxgueXpJ-p4ndqzW0Htzq3Oj_tliU5rsxkL17JcyYnDRMFayyKIQYMR2g9KxqA6Ceh6ZRUlb4h7tEGFsjd4cDmRz_D5AqEvORQ:1sUJmP:cYKuUMWBM9Y8OSA8iQYcmJmQDidbEjnuCqrEL3r-M2g", "expire_date": "2024-07-18T05:54:13.521Z"}}, {"model": "sessions.session", "pk": "104vc7xvrdfeqqij3ear840h1lzty8vr", "fields": {"session_data": ".eJxVjDkOwyAQRe9CHSEw2ENcps8Z0MCMlyxGYqmi3D2x5Mbtf-_9j8A5M5OvyVfO7yLGmhtfhMdWF98KZ7-SGIU24jQGjE_edkIP3OYkY9pqXoPcFXnQIu-J-HU73NPBgmX518opxZNj3UFEcGgpaDJ26sCi4kjOgRsMWGVY6b4HGBzDZBmuQ28odOL7AyxpP_U:1sU5pe:VMvlvSV5bX7TgMhfVGl1walY6NULoEOnBi9DfsphwJI", "expire_date": "2024-07-31T14:40:38.232Z"}}, {"model": "sessions.session", "pk": "1ixvwuxt677lxun5lv6aw4tyscpxfw5w", "fields": {"session_data": ".eJxVizkOwjAQAP_iGkU-dmMvJbyB2lpfOEKECMcV4u8EKQW0c7yE575W31t--imJo1Di8MsCx1uev6JN17kvww7acO5tfdwvW3Tam7-xcqvbBZDYFSwjhwAgAxqXIiDpEiVrPQaUCtBSLMEiEijniE2WmImsyVG8PxGONM8:1sUPWP:qZsiEL37R00R5Kt0ojKgkBmZejPU-uf_PHll73HEqVw", "expire_date": "2024-07-18T12:02:05.972Z"}}, {"model": "sessions.session", "pk": "1lggckd9fwhij7ehimybm16qpebsjrwn", "fields": {"session_data": "eyJhZ3JlZWRfdG9fdGVybXMiOnRydWV9:1sS8Pg:6ePKtskiPo0He5o86JIlXCca6oR5HamGi2X7BRro5rc", "expire_date": "2024-07-26T05:01:44.294Z"}}, {"model": "sessions.session", "pk": "1oydaq1hkza7pygwblciqcj35vm384y8", "fields": {"session_data": ".eJxVizsOwjAMQO-SGVVpGufDCGdgjuzaIRWiVKSZEHenSB1gfZ-XStjWklqVZ5pYHVWvDr-McLzJ_BV1us5t6XZQu3Or6-N-2aLT3vyNBWvZLia2DMaICRo06hiczmQHHgIyeyQOlCNI7AmsdSIZhwDaejdGC-DV-wMfATUr:1sULYZ:CKEhnH6E-N8hqx_-bDChX9unzJ_Lv0OYvz6tCu7W3tM", "expire_date": "2024-07-18T07:48:03.758Z"}}, {"model": "sessions.session", "pk": "345dohkee88a6f7menpjcfovwayd0j26", "fields": {"session_data": "eyJhZ3JlZWRfdG9fdGVybXMiOnRydWV9:1sSB9g:hkEO2dyQgRmKUadfuOPh_WZz_MdxoIRzQgZTCvVnMKA", "expire_date": "2024-07-26T07:57:24.877Z"}}, {"model": "sessions.session", "pk": "4ln66mfcxl5brmkhucx7wr15mytjq8h2", "fields": {"session_data": ".eJxVjDkOwyAQRe9CHSEw2ENcps8Z0MCMlyxGYqmi3D2x5Mbtf-_9j8A5M5OvyVfO7yLGmhtfhMdWF98KZ7-SGIU24jQGjE_edkIP3OYkY9pqXoPcFXnQIu-J-HU73NPBgmX518opxZNj3UFEcGgpaDJ26sCi4kjOgRsMWGVY6b4HGBzDZBmuQ28odOL7AyxpP_U:1sU5jl:ffZsjwdrO1TPGlAZZgNtLa01lWXden1Gh8BlkstaD3M", "expire_date": "2024-07-31T14:34:33.882Z"}}, {"model": "sessions.session", "pk": "9shjjzoahmnktsimtkjevfuv91byw243", "fields": {"session_data": ".eJxVizsOwjAMQO-SGVVpGufDCGdgjuzaIRWiVKSZEHenSB1gfZ-XStjWklqVZ5pYHVWvDr-McLzJ_BV1us5t6XZQu3Or6-N-2aLT3vyNBWvZLia2DMaICRo06hiczmQHHgIyeyQOlCNI7AmsdSIZhwDaejdGC-DV-wMfATUr:1sUJG8:jF7csPhkABEw5obyJJR100NEW0xLczmPddxct_Xl0dc", "expire_date": "2024-08-01T05:00:52.647Z"}}, {"model": "sessions.session", "pk": "cd3z7plr0wnwsphb6mkhllp80uq0mn92", "fields": {"session_data": "eyJhZ3JlZWRfdG9fdGVybXMiOnRydWV9:1sUEsy:_6ufI-Ceck1P2nR7bRf81djBeQAX8QpOpuKRxRDtqwk", "expire_date": "2024-08-01T00:20:40.533Z"}}, {"model": "sessions.session", "pk": "fce6xl9utormcstow22dtiwzx7dcuj66", "fields": {"session_data": "eyJhZ3JlZWRfdG9fdGVybXMiOnRydWV9:1sUcAs:3x4zKn1e-rrQqsFXeUgQnbQnRu0Cq5CtR53fHqLjPgg", "expire_date": "2024-07-19T01:32:42.089Z"}}, {"model": "sessions.session", "pk": "gcnw7sojbz94nx6ha87byvw3b8i0fnzd", "fields": {"session_data": ".eJxVi0sOgjAQQO_StSHVaWHKUs_guhmmUyAGMP2sjHcXEzZs3-ejaEwiwZfNF0lLVn1JVS7KUy2Tr1mSn4PqFaoTG4hfsv5Fnse1vpsD5OZRc9mW5x7dj-Y0TpSn_QqWLQR0xhhiBnDRacbrEFFriJYd2DZS5IidRmrBuMgonYablYCdqO8P_9M95Q:1sUhQo:-lds6pIlb6HVgK_O_yXEULdL6Y4u7f5Y8PCpdzQSk9A", "expire_date": "2024-07-19T07:09:30.619Z"}}, {"model": "sessions.session", "pk": "hexgr6n59pbhilrfewjvh7tgvohvyv9w", "fields": {"session_data": "eyJhZ3JlZWRfdG9fdGVybXMiOnRydWV9:1sT9gz:T9eq1-3Nr7tyMTwpYBToPCf_4rnSL2XKxs8c4TJ67dY", "expire_date": "2024-07-29T00:35:49.598Z"}}, {"model": "sessions.session", "pk": "jijag1e0q3pw9m7rbu68mrithdo0h5wp", "fields": {"session_data": "eyJhZ3JlZWRfdG9fdGVybXMiOnRydWV9:1sUcD4:cxWD_I0krGiOVZ8lhw7gVm2LC7aom7hZXzTPbDSAWko", "expire_date": "2024-07-19T01:34:58.492Z"}}, {"model": "sessions.session", "pk": "krdcvfao4s6qp0i0rwacznl2raz0ln8e", "fields": {"session_data": ".eJxVjDkOwyAQRe9CHSEw2ENcps8Z0MCMlyxGYqmi3D2x5Mbtf-_9j8A5M5OvyVfO7yLGmhtfhMdWF98KZ7-SGIU24jQGjE_edkIP3OYkY9pqXoPcFXnQIu-J-HU73NPBgmX518opxZNj3UFEcGgpaDJ26sCi4kjOgRsMWGVY6b4HGBzDZBmuQ28odOL7AyxpP_U:1sU5iW:K_kxmt1DIJhx3xYpDuNGLJIiDJTpiLZ06j09H-wOvs8", "expire_date": "2024-07-31T14:33:16.176Z"}}, {"model": "sessions.session", "pk": "o3sg7miseenae9k6us0fkcww5z5unhyz", "fields": {"session_data": ".eJxVjLkOwyAQRP-FOkLCeDlcps83oIVdHzmMBLiK8u-xJTcuZ96b-QqcCjOFlkPj8qliaGXjmwi4tTlslUtYSAxCi0sXMb14PQA9cZ2yTHltZYnyUORJq3xk4vf9dC8HM9Z5XzM4Zzg6Zp8IlDI06j0TcjS9QegcOEiJeqvd6DuwVnlMpDvuo_IWxO8PLZBAxw:1sS7lf:zO0BJ-eRSRHYBBe3p3wkctn7k-dN3Zk_0pkQjcBx8DA", "expire_date": "2024-07-26T04:20:23.631Z"}}, {"model": "sessions.session", "pk": "ro1a62y4ax04y39t4cn76pagaylek3nh", "fields": {"session_data": "eyJhZ3JlZWRfdG9fdGVybXMiOnRydWV9:1sUJkT:kAElx5sTxyN8VbwLMG_4wceD6I4Ts3hvoTJ7eyXUbd0", "expire_date": "2024-07-18T05:52:13.802Z"}}, {"model": "sessions.session", "pk": "v0lmth71qihgbax2ebeo8jk5r9x1pulr", "fields": {"session_data": ".eJxVizsOwjAMQO-SGVVpGufDCGdgjuzaIRWiVKSZEHenSB1gfZ-XStjWklqVZ5pYHVWvDr-McLzJ_BV1us5t6XZQu3Or6-N-2aLT3vyNBWvZLia2DMaICRo06hiczmQHHgIyeyQOlCNI7AmsdSIZhwDaejdGC-DV-wMfATUr:1sUMeG:dD0OFoaLzlveeRuw4PnRzjzH3-4kgEHwBC0oHQ841oM", "expire_date": "2024-07-18T08:58:00.732Z"}}, {"model": "sessions.session", "pk": "vvkullv8nlswba1h4ecd0fnw918if4mp", "fields": {"session_data": "eyJhZ3JlZWRfdG9fdGVybXMiOnRydWV9:1sTySn:iGUb0jckmT8BYl2R3IO6vEkagR5Y_a84FO9m3P66Npk", "expire_date": "2024-07-31T06:48:33.611Z"}}, {"model": "sessions.session", "pk": "y2z08yipb7ycatfce5tum12693ghlelh", "fields": {"session_data": "eyJhZ3JlZWRfdG9fdGVybXMiOnRydWV9:1sRp0H:W_Tp0MAcUn2KSUN-wRqd6PEFYAWOnkx32s8LSLrhiK0", "expire_date": "2024-07-25T08:18:13.319Z"}}, {"model": "sessions.session", "pk": "zmp6wzrc40tuhcfbtumro8ysavcacq8t", "fields": {"session_data": "eyJhZ3JlZWRfdG9fdGVybXMiOnRydWV9:1sTtXa:O6vJB7PwZWEcU5djbAfzIzAZuZi3OrLTexj3W1B9vd4", "expire_date": "2024-07-31T01:33:10.601Z"}}, {"model": "chatbot.chatmessage", "pk": 1, "fields": {"user_message": "안녕", "bot_response": "This document does not answer the question", "timestamp": "2024-07-02T08:22:14.539Z"}}, {"model": "chatbot.chatmessage", "pk": 2, "fields": {"user_message": "안녕", "bot_response": "I'm sorry, I do not understand the question.", "timestamp": "2024-07-02T08:22:15.331Z"}}, {"model": "chatbot.chatmessage", "pk": 3, "fields": {"user_message": "안녕", "bot_response": "I do not know", "timestamp": "2024-07-02T08:22:15.800Z"}}, {"model": "chatbot.chatmessage", "pk": 4, "fields": {"user_message": "안녕", "bot_response": "I'm sorry, I do not know the answer to this question as the context provided is in Korean and the question asked is \"hello\" in Korean.", "timestamp": "2024-07-02T08:22:16.244Z"}}, {"model": "chatbot.chatmessage", "pk": 5, "fields": {"user_message": "안녕", "bot_response": "I'm sorry, I do not understand the question. ", "timestamp": "2024-07-02T08:22:16.329Z"}}, {"model": "chatbot.chatmessage", "pk": 6, "fields": {"user_message": "안녕", "bot_response": "I'm sorry, I do not know the answer based on the context provided.", "timestamp": "2024-07-02T08:22:16.476Z"}}, {"model": "chatbot.chatmessage", "pk": 7, "fields": {"user_message": "안녕", "bot_response": "I don't know", "timestamp": "2024-07-02T08:22:16.706Z"}}, {"model": "chatbot.chatmessage", "pk": 8, "fields": {"user_message": "안녕", "bot_response": "I'm sorry, I do not understand Korean.", "timestamp": "2024-07-02T08:22:16.735Z"}}, {"model": "chatbot.chatmessage", "pk": 9, "fields": {"user_message": "안녕", "bot_response": "I don't know", "timestamp": "2024-07-02T08:22:16.738Z"}}, {"model": "chatbot.chatmessage", "pk": 10, "fields": {"user_message": "안녕", "bot_response": "이 질문에 답변을 제공해 드리기 위해서는 좀 더 구체적인 정보가 필요합니다.", "timestamp": "2024-07-02T08:22:17.096Z"}}, {"model": "chatbot.chatmessage", "pk": 11, "fields": {"user_message": "안녕", "bot_response": "I don't know", "timestamp": "2024-07-02T08:22:19.865Z"}}, {"model": "chatbot.chatmessage", "pk": 12, "fields": {"user_message": "안녕", "bot_response": "I'm sorry, I don't know the answer to that question.", "timestamp": "2024-07-02T08:30:30.848Z"}}, {"model": "signup.customuser", "pk": 1, "fields": {"password": "pbkdf2_sha256$720000$Yqz2QadlUy2fJzygb0jSBL$r4T3l8+hc9yWeJ5zv5+dlM6N+qGXdplAnGVQJqMmmFk=", "last_login": "2024-07-18T11:39:12.306Z", "is_superuser": false, "username": "udi42", "first_name": "유리", "last_name": "정", "is_staff": false, "is_active": true, "date_joined": "2024-07-17T14:46:29.297Z", "email": "dog@naver.com", "user_role": "user", "birth_date": "1999-04-15", "groups": [], "user_permissions": []}}, {"model": "signup.customuser", "pk": 2, "fields": {"password": "pbkdf2_sha256$720000$V8dqefjVwgYr2nMyEDXhEj$jJO1Hy4YsQ1FLU8N61ghYOUyxxsRH+pfnom7kzbTNMk=", "last_login": "2024-07-17T15:33:00.138Z", "is_superuser": false, "username": "dnelqkqh", "first_name": "유리", "last_name": "정", "is_staff": false, "is_active": true, "date_joined": "2024-07-17T14:55:20.460Z", "email": "ua@naver.com", "user_role": "user", "birth_date": "1999-04-02", "groups": [], "user_permissions": []}}, {"model": "signup.customuser", "pk": 3, "fields": {"password": "pbkdf2_sha256$720000$OOcEb4z2S1oNgTtj97eKBH$vPY7Hyf10jOtwjNH+4OwumGNGMxgqQIoWz31fLwhcdo=", "last_login": "2024-07-18T04:59:51.876Z", "is_superuser": false, "username": "testtest", "first_name": "유리", "last_name": "졍", "is_staff": false, "is_active": true, "date_joined": "2024-07-17T14:56:40.586Z", "email": "testtest@aivle.co.kr", "user_role": "admin", "birth_date": "1999-04-01", "groups": [], "user_permissions": []}}, {"model": "signup.customuser", "pk": 4, "fields": {"password": "pbkdf2_sha256$720000$wLWpf9lWNuHBEKUHVuZzsC$MvuFhXbWpNI6UZfHDS0UGciEJIH2wKRYZKFLSuuVWi8=", "last_login": null, "is_superuser": false, "username": "ddddd", "first_name": "유리", "last_name": "졍", "is_staff": false, "is_active": true, "date_joined": "2024-07-18T00:20:40.169Z", "email": "cat@naver.com", "user_role": "user", "birth_date": "1999-04-02", "groups": [], "user_permissions": []}}, {"model": "signup.customuser", "pk": 6, "fields": {"password": "pbkdf2_sha256$720000$w1uyQi0PPIDix2zIv7rqU0$ywLEW34Ms04HxZfdtuhSUSp4JBAGsmciY5iz5HPcegQ=", "last_login": "2024-07-18T00:26:05.348Z", "is_superuser": false, "username": "subin", "first_name": "수빈", "last_name": "김", "is_staff": false, "is_active": true, "date_joined": "2024-07-18T00:25:41.371Z", "email": "subin@aivle.co.kr", "user_role": "admin", "birth_date": "2000-11-16", "groups": [], "user_permissions": []}}, {"model": "signup.customuser", "pk": 7, "fields": {"password": "pbkdf2_sha256$720000$OacUCLBzbeb7EYuX9ypGw2$4mHXGZ0m4rTnlah/fPu2lsnyU1ui5s/WSMaaH2UN2Is=", "last_login": "2024-07-18T00:30:32.217Z", "is_superuser": false, "username": "syu357", "first_name": "서연", "last_name": "윤", "is_staff": false, "is_active": true, "date_joined": "2024-07-18T00:30:31.525Z", "email": "yunsy827@naver.com", "user_role": "user", "birth_date": "2001-08-27", "groups": [], "user_permissions": []}}, {"model": "signup.customuser", "pk": 8, "fields": {"password": "pbkdf2_sha256$720000$0Qvz0MGkwCBlU4DqbGqIcv$ZDAP44kniMOvjBbao4QQ5a5svySna7laqhMeDUwyeVw=", "last_login": "2024-07-19T06:48:54.551Z", "is_superuser": false, "username": "subin0", "first_name": "수빈", "last_name": "김", "is_staff": false, "is_active": true, "date_joined": "2024-07-18T05:33:02.380Z", "email": "tnqls8501@gmail.com", "user_role": "user", "birth_date": "2000-11-16", "groups": [], "user_permissions": []}}, {"model": "board.post", "pk": 2, "fields": {"author": "김수빈", "created_at": "2024-07-06T06:13:17.121Z", "title": "수빈이 최고", "content": "마자마자 최고", "file": "uploads/cat.jpg", "updated_at": "2024-07-06T06:13:17.154Z", "views": 1, "status": "draft"}}, {"model": "board.post", "pk": 3, "fields": {"author": "ㅎㅇㅎㅇ", "created_at": "2024-07-06T06:26:54.681Z", "title": "ㅎㅇㅎㅇㅎㅇ", "content": "ㅎㅇㅎㅇㅎㅇㅎㅇㅎㅇㅎㅇㅎㅇ", "file": "", "updated_at": "2024-07-06T06:26:54.681Z", "views": 0, "status": "draft"}}, {"model": "board.post", "pk": 4, "fields": {"author": "ㅎㅇㅎㅇ", "created_at": "2024-07-06T06:28:06.528Z", "title": "ㅎㅇㅎㅇㅎㅇ", "content": "ㅎㅇㅎㅇㅎㅇㅎㅇㅎㅇㅎㅇㅎㅇ", "file": "", "updated_at": "2024-07-06T06:28:06.531Z", "views": 0, "status": "draft"}}, {"model": "board.post", "pk": 5, "fields": {"author": "관리자", "created_at": "2024-07-06T06:39:02.863Z", "title": "공지입니다.", "content": "공자공자", "file": "uploads/햄.png", "updated_at": "2024-07-18T04:14:23.731Z", "views": 61, "status": "published"}}, {"model": "board.post", "pk": 6, "fields": {"author": "ㅎㅇ", "created_at": "2024-07-06T06:47:10.653Z", "title": "ㅎㅇㅎㅇ", "content": "ㅎㅇㅎㅇㅎㅇ", "file": "", "updated_at": "2024-07-06T06:47:10.655Z", "views": 0, "status": "draft"}}, {"model": "board.post", "pk": 9, "fields": {"author": "ㅇㅇㅇ", "created_at": "2024-07-11T07:42:48.945Z", "title": "ㅇㅇㅇㅇ", "content": "ㅇㅇㅇㅇㅇ", "file": "uploads/test_ppt.pptx", "updated_at": "2024-07-18T04:59:32.735Z", "views": 30, "status": "published"}}, {"model": "board.post", "pk": 11, "fields": {"author": "testtest", "created_at": "2024-07-18T05:00:00.427Z", "title": "ㅎㅇㅎㅇ", "content": "ㅇㅇㅇㅇㅇ", "file": "", "updated_at": "2024-07-18T05:01:00.826Z", "views": 5, "status": "published"}}, {"model": "detect.uploadedimage", "pk": 1, "fields": {"image": "images/image_X1F2aDY.jpg", "uploaded_at": "2024-07-15T00:55:06.214Z"}}, {"model": "detect.uploadedimage", "pk": 2, "fields": {"image": "images/image_AZK3JFH.jpg", "uploaded_at": "2024-07-15T01:09:06.651Z"}}, {"model": "detect.uploadedimage", "pk": 3, "fields": {"image": "images/image_ze9Z56l.jpg", "uploaded_at": "2024-07-15T01:16:46.774Z"}}, {"model": "detect.uploadedimage", "pk": 4, "fields": {"image": "images/image_EMiASkk.jpg", "uploaded_at": "2024-07-15T01:18:51.489Z"}}, {"model": "detect.uploadedimage", "pk": 5, "fields": {"image": "images/image_uk2BSDL.jpg", "uploaded_at": "2024-07-15T01:19:30.300Z"}}, {"model": "detect.uploadedimage", "pk": 6, "fields": {"image": "images/image_LhYj0As.jpg", "uploaded_at": "2024-07-15T01:20:16.103Z"}}, {"model": "detect.uploadedimage", "pk": 7, "fields": {"image": "images/image.jpg", "uploaded_at": "2024-07-15T01:22:53.516Z"}}, {"model": "detect.uploadedimage", "pk": 8, "fields": {"image": "images/image_Or4kMt2.jpg", "uploaded_at": "2024-07-15T01:24:05.743Z"}}, {"model": "detect.uploadedimage", "pk": 9, "fields": {"image": "images/image.jpg", "uploaded_at": "2024-07-15T01:33:53.821Z"}}, {"model": "detect.uploadedimage", "pk": 10, "fields": {"image": "images/image.jpg", "uploaded_at": "2024-07-15T01:34:37.060Z"}}, {"model": "detect.uploadedimage", "pk": 11, "fields": {"image": "images/image_yj08j0w.jpg", "uploaded_at": "2024-07-15T01:36:56.260Z"}}, {"model": "detect.uploadedimage", "pk": 12, "fields": {"image": "images/image.jpg", "uploaded_at": "2024-07-15T01:42:40.645Z"}}, {"model": "detect.uploadedimage", "pk": 13, "fields": {"image": "images/image.jpg", "uploaded_at": "2024-07-15T01:49:50.685Z"}}, {"model": "detect.uploadedimage", "pk": 14, "fields": {"image": "images/image.jpg", "uploaded_at": "2024-07-15T01:51:26.675Z"}}, {"model": "detect.uploadedimage", "pk": 15, "fields": {"image": "images/image.jpg", "uploaded_at": "2024-07-15T01:51:35.592Z"}}, {"model": "detect.uploadedimage", "pk": 16, "fields": {"image": "images/image.jpg", "uploaded_at": "2024-07-15T01:51:47.787Z"}}, {"model": "detect.uploadedimage", "pk": 17, "fields": {"image": "images/image.jpg", "uploaded_at": "2024-07-15T02:25:44.903Z"}}, {"model": "detect.uploadedimage", "pk": 18, "fields": {"image": "images/image.jpg", "uploaded_at": "2024-07-15T02:29:56.599Z"}}, {"model": "detect.uploadedimage", "pk": 19, "fields": {"image": "images/test2.jpg", "uploaded_at": "2024-07-16T05:51:56.548Z"}}, {"model": "detect.uploadedimage", "pk": 20, "fields": {"image": "images/test2.jpg", "uploaded_at": "2024-07-16T05:52:28.039Z"}}, {"model": "detect.uploadedimage", "pk": 21, "fields": {"image": "images/123.jpg", "uploaded_at": "2024-07-17T04:21:57.708Z"}}, {"model": "detect.uploadedimage", "pk": 22, "fields": {"image": "images/123.jpg", "uploaded_at": "2024-07-17T04:22:09.656Z"}}, {"model": "detect.uploadedimage", "pk": 23, "fields": {"image": "images/123.jpg", "uploaded_at": "2024-07-17T04:25:12.463Z"}}, {"model": "detect.uploadedimage", "pk": 24, "fields": {"image": "images/123.jpg", "uploaded_at": "2024-07-17T04:25:49.293Z"}}, {"model": "detect.uploadedimage", "pk": 25, "fields": {"image": "images/123.jpg", "uploaded_at": "2024-07-17T04:26:26.168Z"}}, {"model": "detect.uploadedimage", "pk": 26, "fields": {"image": "images/123.jpg", "uploaded_at": "2024-07-17T04:26:27.702Z"}}, {"model": "detect.uploadedimage", "pk": 27, "fields": {"image": "images/123.jpg", "uploaded_at": "2024-07-17T04:26:37.342Z"}}, {"model": "detect.uploadedimage", "pk": 28, "fields": {"image": "images/123.jpg", "uploaded_at": "2024-07-17T04:27:00.964Z"}}, {"model": "detect.uploadedimage", "pk": 29, "fields": {"image": "images/123.jpg", "uploaded_at": "2024-07-17T04:27:06.106Z"}}, {"model": "detect.uploadedimage", "pk": 30, "fields": {"image": "images/123.jpg", "uploaded_at": "2024-07-17T04:27:33.800Z"}}, {"model": "detect.uploadedimage", "pk": 31, "fields": {"image": "images/123.jpg", "uploaded_at": "2024-07-17T04:27:50.183Z"}}, {"model": "detect.uploadedimage", "pk": 32, "fields": {"image": "images/123.jpg", "uploaded_at": "2024-07-17T04:38:30.387Z"}}, {"model": "detect.uploadedimage", "pk": 33, "fields": {"image": "images/123.jpg", "uploaded_at": "2024-07-17T04:38:57.873Z"}}, {"model": "detect.uploadedimage", "pk": 34, "fields": {"image": "images/123.jpg", "uploaded_at": "2024-07-17T04:39:44.077Z"}}, {"model": "detect.uploadedimage", "pk": 35, "fields": {"image": "images/123.jpg", "uploaded_at": "2024-07-17T04:39:50.522Z"}}, {"model": "detect.uploadedimage", "pk": 36, "fields": {"image": "images/123.jpg", "uploaded_at": "2024-07-17T04:40:18.879Z"}}, {"model": "detect.uploadedimage", "pk": 37, "fields": {"image": "images/123.jpg", "uploaded_at": "2024-07-17T04:42:24.536Z"}}, {"model": "detect.uploadedimage", "pk": 38, "fields": {"image": "images/123.jpg", "uploaded_at": "2024-07-17T04:59:37.129Z"}}, {"model": "detect.uploadedimage", "pk": 39, "fields": {"image": "images/123.jpg", "uploaded_at": "2024-07-17T05:05:48.318Z"}}, {"model": "detect.uploadedimage", "pk": 40, "fields": {"image": "images/123.jpg", "uploaded_at": "2024-07-17T05:07:44.614Z"}}, {"model": "detect.uploadedimage", "pk": 41, "fields": {"image": "images/123.jpg", "uploaded_at": "2024-07-17T05:07:51.019Z"}}, {"model": "detect.uploadedimage", "pk": 42, "fields": {"image": "images/123.jpg", "uploaded_at": "2024-07-17T05:08:03.790Z"}}, {"model": "detect.uploadedimage", "pk": 43, "fields": {"image": "images/123.jpg", "uploaded_at": "2024-07-17T05:08:26.392Z"}}, {"model": "detect.uploadedimage", "pk": 44, "fields": {"image": "images/test1.png", "uploaded_at": "2024-07-18T04:12:10.250Z"}}, {"model": "find_ps.passwordresetcode", "pk": 1, "fields": {"user": 8, "code": "882743", "created_at": "2024-07-18T05:33:39.421Z"}}]