{
  "qa_pairs": [
    {
      "question": "도시화의 정의는 무엇인가요?",
      "answer": "도시화(urbanization)란 도시적인 모습으로 변화되어 가는 과정을 의미하며, 일정한 공간에서 도시적 토지면적을 증가시키면서 사람들이 밀집되어 살게 되는 현상을 의미합니다​​."
    },
    {
      "question": "도시화가 홍수 피해규모에 어떤 영향을 미치나요?",
      "answer": "도시화로 인해 토지 표면이 불투수면으로 덮이는 비율이 증가하고, 이는 호우 시 자연적 배수기능을 저하시켜 홍수 피해를 가중시킵니다​​."
    },
    {
      "question": "홍수 피해규모의 정의는 무엇인가요?",
      "answer": "홍수 피해규모는 홍수로 인한 공공시설 피해액과 건물 피해액의 합계로 정의됩니다​​."
    },
    {
      "question": "도시화로 인해 발생하는 홍수 피해의 주요 원인은 무엇인가요?",
      "answer": "도시화로 인한 주요 원인은 중소하천 상류부의 홍수조절시설 미비, 하류부 배수시설용량 초과, 시가지의 소규모 하천정비 부족 등이 있습니다​​."
    },
    {
      "question": "연구에서 분석된 기간과 공간 범위는 어떻게 되나요?",
      "answer": "연구에서는 최근 10년간(1997년-2006년)의 시계열 자료를 사용하였으며, 공간 범위는 경기도 지역 25개 시·군을 대상으로 하였습니다​​."
    },
    {
      "question": "도시홍수 피해규모에 영향을 미치는 요인은 무엇인가요?",
      "answer": "도시홍수 피해규모에 영향을 미치는 요인은 유발요인, 가중요인, 방재요인으로 구분할 수 있습니다. 유발요인으로는 연평균 강수량, 하절기 강우 집중도, 하절기 강수량, 하천면적이 있으며, 가중요인으로는 인구밀도, 인구, 불투수층면적이 있고, 방재요인으로는 임야면적, 하수관거 보급률, 배수펌프장이 있습니다​​."
    },
    {
      "question": "유발요인 중 홍수 피해에 가장 크게 영향을 미치는 변수는 무엇인가요?",
      "answer": "유발요인 중 하절기 강우 집중도가 홍수 피해에 가장 크게 영향을 미치는 변수로 나타났습니다​​."
    },
    {
      "question": "가중요인 중 홍수 피해에 유의한 변수는 무엇인가요?",
      "answer": "가중요인 중 불투수층 면적이 홍수 피해에 유의한 변수로 나타났습니다​​."
    },
    {
      "question": "방재요인 중 홍수 피해에 유의한 변수는 무엇인가요?",
      "answer": "방재요인 중 하수관거 보급률이 홍수 피해에 유의한 변수로 나타났습니다​​."
    },
    {
      "question": "본 연구의 목적은 무엇인가요?",
      "answer": "본 연구의 목적은 경기도 지역을 대상으로 홍수 피해규모에 영향을 주는 요인들을 도출하고, 이를 통해 방재 계획 수립에 참고자료로 활용하는 것입니다​​."
    },
    {
      "question": "연구에서 사용된 회귀분석 방법은 무엇인가요?",
      "answer": "연구에서는 단계적 회귀분석과 Prais-Winsten 방법을 사용하여 자기상관 보정을 실시하였습니다​​."
    },
    {
      "question": "홍수 피해액의 정의는 무엇인가요?",
      "answer": "홍수 피해액은 재해연보를 바탕으로 홍수로 인한 공공시설 피해액과 건물 피해액의 합계로 정의됩니다​​."
    },
    {
      "question": "단계적 회귀분석이란 무엇인가요?",
      "answer": "단계적 회귀분석(Stepwise regression)은 다수의 독립변수 중 종속변수를 가장 잘 설명해주는 변수를 순서대로 찾는 분석 방법으로, 종속변수에 영향력이 있는 변수들만을 회귀식에 포함시키고 나중에 들어오는 변수 때문에 설명력이 낮아지면 회귀식에서 제거하는 방식입니다."
    },
    {
      "question": "Prais-Winsten 방법이란 무엇인가요?",
      "answer": "Prais-Winsten 방법은 회귀분석에서 자기상관성의 문제가 발견되면 이 문제를 완화하기 위한 방법입니다. 이는 시계열 자료에서 개체들 간의 오차가 상관성을 보일 때 사용하는 방법입니다."
    },
    {
      "question": "단계적 회귀분석의 주요 결과는 무엇인가요?",
      "answer": "단계적 회귀분석 결과에 따르면, 유발요인 중 하절기 강우집중도, 가중요인 중 불투수층면적, 방재요인 중 하수관거보급률이 유의한 변수로 나타났습니다. 하절기 강우집중도와 불투수층면적은 홍수 피해를 높이는 요인으로, 하수관거보급률은 홍수 피해를 저감시키는 요인으로 나타났습니다."
    },
    {
      "question": "Prais-Winsten 자기상관 보정 결과는 무엇인가요?",
      "answer": "Prais-Winsten 방법을 이용하여 자기상관 보정을 실시한 결과, 하수관거보급률은 유의수준 5%에서 유의하지 않았지만, 유의수준 10%에서는 유의한 것으로 나타났습니다. 하절기 강우집중도와 불투수층면적은 여전히 유의수준 5%에서 유의한 변수로 나타났습니다."
    },
    {
      "question": "단계적 회귀분석과 Prais-Winsten 방법의 Durbin-Watson 값은 무엇을 나타내나요?",
      "answer": "단계적 회귀분석에서 Durbin-Watson 값이 1.500으로 나타나 자기상관성이 있었음을 확인하였고, Prais-Winsten 보정 후에는 1.933으로 개선되었습니다."
    },
    {
      "question": "회귀분석 결과의 설명력은 어떠한가요?",
      "answer": "회귀분석 결과, 설명력을 나타내는 R² 값은 0.231로 회귀선에 23% 적합한 것으로 나타났습니다. 이는 모델이 홍수 피해규모의 변동성 중 약 23%를 설명할 수 있음을 의미합니다."
    },
    {
      "question": "연구에서 유의한 변수로 나타난 주요 요인들은 무엇인가요?",
      "answer": "연구에서는 하절기 강우집중도, 불투수층면적, 하수관거보급률이 유의한 변수로 나타났으며, 이는 홍수 피해규모에 중요한 영향을 미치는 요인들로 분석되었습니다."
    },
    {
      "question": "지하공간의 침수가 일어나는 주요원인은 무엇인가요?",
      "answer": "우수에 의하여 발생된 유출수가 미처 배수되지 못하고 지상에 저류되어 지하유입구의 위치보다 높아지면서 지하로 흘러 들어가는 경우, 하천이나 하수도에서 역류되어 들어오는 빗물이 도시의 저지대에 집중되어 침수되는 경우, 만조위때 해수가 하수구, 우수구를 통한 역류로 침수되는 경우 등이 있습니다."
    },
    {
      "question": "침수 취약지역 거주자의 침수 시 행동 요령은 무엇인가요?",
      "answer": "저지대, 상습침수지역에 거주하고 있는 주민은 기상정보를 수시로 확인하고, 대피를 준비합니다. 사전대피가 필요할 경우 전기, 가스를 차단하고 대피합니다."
    },
    {
      "question": "침수 취약지역 상가의 침수 시 행동 요령은 무엇인가요?",
      "answer": "많은 비가 예보되면 음식점 등 상가에서는 거리에 비치한 간판 등 전기 시설물을 건물 안으로 옮겨둡니다."
    },
    {
      "question": "지하공간 거주, 관리, 이용자의 침수 시 행동 요령은 무엇인가요?",
      "answer": "비상상황에 대비해 방범창 등을 절단할 수 있는 공구(절단기 등)를 사전에 준비합니다. 침수 공간에서 탈출이 불가능할 경우를 대비하여 물에 뜰 수 있는 부유용품(구명조끼, 튜브, 대형스티로폼 등)을 준비합니다. 지하역사, 지하주차장 등 공동으로 이용하는 시설의 비상구 위치를 수시로 파악하고, 비상상황을 대비한 대피경로를 익혀둡니다."
    },
    {
      "question": "공동주택 관리자는 침수 예방을 위해 어떻게 해야하나요?",
      "answer": "평상시에는 물막이 판 설치, 모래주머니 및 양수기 등을 비치하고 물막이 판·모래주머니를 신속히 설치할 수 있도록 수방자재 설치자를 사전에 지정합니다. 지하공간으로 비가 유입되기 시작하면 5∼10분 만에 지하공간이 침수되기 때문에 입구가 여러 개인 경우 가급적 1인씩 지정하여 관리합니다. 침수 피해가 예상되는 경우 대피장소를 사전에 안내하고, 차량 이동은 호우 전에만 가능토록 안내합니다. 물막이 판 설치 시간을 안내하고, 물막이 판 설치 이후에는 차량이동이 불가함을 안내합니다. 독거노인, 장애인, 기타 도움이 필요한 안전취약계층에 대해서는 대피 시 필요정보를 사전에 공지하고 안전상 문제가 없는지 인터폰, 전화 등을 활용하여 수시로 확인합니다."
    },
    {
      "question": "침수차 보험받으려면 어떤 조건이 있나요?",
      "answer": "운행 중 차내에 물이 유입된 경우 또는 주차된 상태에서 태풍이나 홍수로 침수된 경우 자동차보험 담보 중 자기차량손해담보 (차량단독사고 보상특별약관)가 가입이 되어야 보상 가능합니다."
    },
    {
      "question": "자동차 침수피해란 무엇인가요?",
      "answer": "흐르거나 고인 물, 역류하는 물, 범람하는 물, 해수 등에 자동차가 빠지거나 잠기는 것을 포함합니다. 단, 문이나 창문을 열어놓거나 선루프를 개방하여 빗물이 들어간 것은 침수로 보지 않습니다."
    },
    {
      "question": "집안에 물이 밀려 들어올 때 어떻게 행동해야 하나요?",
      "answer": "흐르는 물에 감전이 될 수 있으므로 배전반의 전원 스위치를 내려 차단하고 가스 밸브를 잠가두어야 합니다. 만일 물에 들어가야 전원을 차단할 수 있다면 안전을 위해 접촉하지 않는 것이 좋습니다. 또한 집 밖에 쌓아둔 물건은 안전한 곳으로 옮겨두어야 하며, 미처 대비할 틈 없이 침수가 됐다면 높은 곳으로 대피하여야 합니다."
    },
    {
      "question": "저지대 주택에 침수피해를 당했을 때 주택에 들어가기 전 행동요령이 있나요?",
      "answer": "침수된 주택은 가스 누출, 감전 위험이 있습니다. 이때는 성냥불이나 라이터를 절대 사용하지 말고, 먼저 환기를 시키고 가스·전기차단기가 OFF에 있는지 확인한 뒤 전문가의 안전점검을 받아 사용하시기 바랍니다. 또한 지반이 약해져있으므로 붕괴 가능성을 반드시 점검한 후 들어가야 합니다."
    },
    {
      "question": "집안의 고인 물은 어떻게 퍼내야 하나요?",
      "answer": "안전이 확인되면 가장 먼저 고여있는 물을 빼내야 합니다. 물이 고여 있을수록 피해 상황이 커지기 때문에 바깥의 홍수 수위가 집안보다 낮아지면 물을 퍼내고 진흙 등 잔해를 치웁니다."
    },
    {
      "question": "침수 피해 상황을 어떻게 기록해야 하나요?",
      "answer": "침수된 가재도구 및 피해 상황을 사진으로 기록해야 합니다. 복구 가능한 부분과 불가능한 부분을 구분하여 상황을 가늠합니다. 보험 처리가 가능하다면 보험사의 피해 증빙으로 사용할 수 있습니다."
    },
    {
      "question": "침수된 가전제품은 어떻게 처리해야 하나요?",
      "answer": "가전제품이 침수되면 부품들이 부식될 우려가 높습니다. 침수된 제품은 전원을 차단하고 48시간 내에 완전히 건조시켜야 합니다. 건조 후 바로 사용하지 말고, 침수로 인해 끼인 이물질을 맑은 물로 씻어낸 후 물기를 제거하고 A/S를 받아야 합니다."
    },
    {
      "question": "물난리를 대비하기 위해 일기예보를 어떻게 활용해야 하나요?",
      "answer": "기상 예보를 주시하고 정부 기관이나 기상 서비스에서 제공하는 홍수 경보를 미리 확인하세요. 홍수 위험 지역, 하천, 강 등의 정보를 파악하여 대비하세요."
    },
    {
      "question": "긴급 상황에 대비한 계획은 어떻게 수립해야 하나요?",
      "answer": "가족 구성원과 함께 긴급 대피 계획을 세우고 미리 대처 방안을 논의하세요. 대피 경로와 만남 장소를 정해두면 긴급 상황에서 혼란을 줄일 수 있습니다."
    },
    {
      "question": "홍수보험이 필요한 이유는 무엇입니까?",
      "answer": "연방 정부에서 지원하는 담보 대출이 있고 특별 홍수 위험 지역에 거주하는 경우, 연방법은 홍수보험에 가입하도록 규정하고 있습니다. 고위험 홍수 지역에 거주하지 않거나 완전 자가 주택이므로 홍수보험에 가입할 필요가 없는 경우에도 홍수로 인해 발생하는 피해로부터 귀하를 보호하고자 할 수 있습니다. www.floodsmart.gov에 방문하여 위험과 비용을 알아보십시오. 표준 주택소유자 보험 방침은 일반적으로 홍수 피해에 대해 어떠한 보장 범위도 제공하지 않습니다."
    },
    {
      "question": "최근 주택을 구매했습니다. 이웃 주민이 방금 홍수 지도에 대한 최근 업데이트가 있다고 알려주었으며 현재 제가 고위험 홍수 지역 내에 포함된 것으로 보입니다. 홍수보험 증권에 가입해야 합니까?",
      "answer": "지급 당시 귀하가 담보 대출을 받은 회사에서는 주택소유자 보험 증권 취득만을 필요로 하였으나, 채권자는 특정 기간 내 홍수 보장 범위를 증명할 것을 요청할 수 있습니다. 증명하지 않는 경우 채권자가 귀하를 대신하여 가입할 수 있으며 해당 비용은 귀하의 담보 대출 금액에 추가됩니다."
    },
    {
      "question": "저의 집 언덕 아래에 있는 이웃집은 저의 집 뒤편으로 흐르는 하천이 범람하여 침수되었습니다. 이웃은 홍수보험을 가지고 있었으나 해당 손해가 수해의 정의를 충족하지 않아 이웃의 청구가 거부되었습니다. 홍수의 정의는 무엇입니까? 이웃의 청구가 거부된 것은 합법이었습니까?",
      "answer": "국가 홍수보험 프로그램(NFIP)에서는 홍수에 대해, 다음에서 비롯된 2 개 이상의 부동산(보험 계약자가 가진 부동산 중 최소 하나 이상)에서 일반적인 육지가 8,094m2(2 에이커) 이상 부분 또는 완전히 침수되는 일반적이고 임시적인 조건으로 정의하고 있습니다. − 내수나 해수의 범람, − 비정상적이고 빠른 퇴적이나 모든 원천의 지표수 유출, − 이류 또는 − 앞서 정의한 홍수의 원인이 되는 예상 주기 수준을 뛰어넘는 파도나 수류로 인해 발생하는 침식이나 약화의 결과로 나타난 호수 또는 유사한 수역의 연안을 따라 토지가 붕괴하거나 침하하는 것. 연방 홍수보험 방침과 관련된 청구 분쟁은 국가 홍수보험 프로그램을 통해 해결해야 합니다. 초과 홍수보험 증권에 가입하거나 민영 또는 서플러스 라인(영업인가 미취득 보험사) 보험 시장을 통해 홍수보험 증권에 가입하는 경우, ‘홍수’에 대한 정의는 달라질 수 있습니다. 보험에서 보장하는 부분과 제외하는 부분을 반드시 확인하십시오."
    },
    {
      "question": "반복 손실 재산으로 간주되는 것은 무엇입니까?",
      "answer": "국가 홍수보험 프로그램에서는 반복 손실 재산에 대해 ‘1978 년 이래로 10 년간 매해 1,000 달러가 넘는 유급 수해 손실을 최소 두 번 이상 겪은 국가 홍수보험 프로그램 가입 건축물’로 정의하고 있습니다."
    },
    {
      "question": "표준 보험사(올스테이트(Allstate), 스테이트 팜(State Farm) 등)에서 홍수보험 증권에 가입할 수 없다는 말을 들었습니다. 사실입니까?",
      "answer": "www.floodsmart.gov에 방문하여 국가 홍수보험 프로그램에서 진행하는 보험사의 홍수보험 발행(WYO) 프로그램에 참여하는 보험사 목록을 확인하십시오. 홍수보험 발행 프로그램에 참여하는 보험사는 수수료를 내고 연방 홍수보험 증권을 판매하고 제공하나, 실제 홍수 손실 비용은 발생하지 않습니다. 귀하의 보험설계사는 홍수보험 증권을 찾아내도록 지원할 수 있습니다."
    },
    {
      "question": "개인 휴식 공간으로 설치한 지하실이 있습니다. 지하실이 일반적인 홍수 상태로 인해 침수되는 경우 대형 화면 TV와 기타 가구는 홍수보험 방침에 따라 보장됩니까?",
      "answer": "국가 홍수보험 프로그램에서는 지하실을 ‘모든 면이 지면보다 아래에 있는 공간 바닥을 갖추고 있으며, 주변보다 낮은 공간 또는 공간의 일부를 포함한 건물 공간’으로 정의하고 있습니다. 가구, 전자제품, 의류와 지하실에 있는 기타 개인 물품은 홍수보험 방침에 따라 보장되지 않습니다."
    },
    {
      "question": "국가 홍수보험 프로그램의 홍수보험 증권이 지하실에 대해 무엇을 보장합니까?",
      "answer": "국가 홍수보험 프로그램 방침에 따른 지하실 보장 범위는 보일러, 온수기, 세탁기와 건조기, 에어컨, 냉동고, 공익사업 연결, 회로 차단기 박스, 펌프 및 태양 에너지 시스템에 사용되는 탱크와 같은 건물에 서비스하고자 사용되는 항목과 청소 비용을 포함합니다."
    },
    {
      "question": "지난달 홍수보험 증권에 가입했습니다. 보험 증권이 실제로 효력을 발휘하기 전 최소 30 일을 기다려야 한다는 말을 들었습니다. 사실입니까?",
      "answer": "네. 사실입니다. 보험 증권이 유효하기 전 보험료를 지급한 후 30 일의 대기 기간이 있습니다. 단, 다음 사항은 예외입니다.− 홍수보험의 최초 가입이 대출을 받거나, 늘리거나, 연장하거나 갱신하는 것과 관련한 경우 대기 기간이 없습니다. − 홍수보험의 최초 가입이 지역 사회에 대해 개정된 수해보험 요율 지도를 도입한 뒤 일 년 내에 이루어진 경우, 대기 기간은 단 하루입니다. − 해당 방침은 국가홍수보험 프로그램에서 보험증권 기한의 첫 날 오전 12:01 기준 발생한 손실이라 정의한 ‘진행 중인 손실’을 보장하지 않습니다. 더욱이, 보험의 보장 범위 금액은 진행 중인 손실이 벌어지는 도중에는 늘릴 수 없습니다."
    },
    {
      "question": "최근 폭풍으로 인해 나무가 지붕에 떨어졌습니다. 그 피해로 인해 침실 중 한 곳에 물웅덩이가 생겼습니다. 이것도 홍수로 간주됩니까? 해당 침수 피해는 홍수보험에서 보장됩니까 아니면 주택소유자 보험에서 보장됩니까?",
      "answer": "귀하의 주택소유자 보험에서 귀하의 보험 증권의 한도 및 공제에 따라 해당 유형의 청구를 보장합니다."
    },
    {
      "question": "심각한 홍수가 발생한 이력을 보유한 지역에 단독 주택을 임차했습니다. 소지품이 홍수에 의해 손상될 경우 임대인의 보험이 제 손실을 보장합니까? 아니라면 제가 홍수보험에 가입할 수 있습니까?",
      "answer": "임차인 보험 증권에서는 홍수 피해에 대해 보장하지 않습니다. 임대인이 홍수보험 증권 하에 주택을 보장하는 경우에도 귀하의 재산은 보장되지 않습니다. 홍수보험 증권에 가입하여 재산을 보호하실 수 있습니다. 홍수보험 가입 방법에 대한 자세한 내용은 보험설계사 또는 보험사와 상의하시거나, 추가 정보를 확인하려면 www.floodsmart.gov에 방문하십시오."
    },
    {
      "question": "임차인일 경우 제 물품에 대해 받을 수 있는 홍수보험의 최대 금액은 얼마입니까?",
      "answer": "모든 주거 건물에서 물품 보장 범위의 한도는 100,000 달러입니다."
    },
    {
      "question": "임차인용 홍수보험은 비싼 편입니까?",
      "answer": "보장 범위 금액과 홍수 위험 등 임차인용 홍수보험의 비용에 영향을 미치는 요인은 다양합니다. www.floodsmart.gov에 방문하여 비용을 계산하거나 보험설계사, 보험중개사 또는 보험사에 가격 견적에 대해 상의할 수 있습니다."
    },
    {
      "question": "자동차가 폭풍에 침수되었습니다. 이 피해도 보장됩니까?",
      "answer": "폭풍우로 인한 홍수 등 차량에 대한 홍수 피해는 종합보험(“충돌 외” 보장 범위라고도 함)에 가입한 경우 자동차보험에 따라 보장됩니다."
    },
    {
      "question": "물난리 후 가장 먼저 해야 할 일은 무엇인가요?",
      "answer": "먼저 안전을 최우선으로 생각하세요. 전기 안전을 위해 전기 차단기를 끄고 전원을 차단하세요."
    },
    {
      "question": "물난리 후 작업 시 어떤 보호 장비를 착용해야 하나요?",
      "answer": "장갑, 마스크, 부츠 등 안전한 작업을 위한 보호 장비를 착용하세요."
    },
    {
      "question": "홍수로 인한 물은 어떻게 제거해야 하나요?",
      "answer": "집 안에 있는 물을 펌프나 물걸레로 제거하세요. 대규모 침수라면 전문 업체의 도움을 받는 것도 고려해보세요."
    },
    {
      "question": "집안을 어떻게 건조시켜야 하나요?",
      "answer": "집안 공기 순환을 돕기 위해 환풍기나 제습기를 사용하세요. 해가 좋은 날에는 창문과 문을 열어 건조를 도울 수 있습니다."
    },
    {
      "question": "침수된 물건을 어떻게 분류해야 하나요?",
      "answer": "침수된 물건을 분류하세요. 복구 가능한 물건과 손상된 물건을 구분하고, 복구가 가능한 물건은 보존하기 위해 따로 보관하세요."
    },
    {
      "question": "침수된 가구와 가전기기는 어떻게 관리해야 하나요?",
      "answer": "침수된 가구와 가전기기는 물기가 제거되도록 천으로 닦아내고 건조시키세요. 전기기기는 특히 주의해야 합니다. 매트나 카펫류도 제거 후 건조해야 합니다."
    },
    {
      "question": "벽과 천장, 바닥 청소 및 소독은 어떻게 해야 하나요?",
      "answer": "벽과 천장에 물이 스며들었을 경우, 벽지나 도료를 제거해야 할 수도 있습니다. 이는 건강 문제와 미래의 곰팡이 예방을 위해 중요합니다. 바닥은 깨끗하게 청소하고 소독하세요. 침수로 인한 미생물과 오염물질을 제거하는 것이 중요합니다."
    },
    {
      "question": "복구 전문가와 상담 및 보험 처리는 어떻게 해야 하나요?",
      "answer": "침수 피해가 심각한 경우, 전문적인 침수 복구 서비스를 고려해보세요. 전문가의 도움을 받으면 효과적인 복구가 가능합니다. 보험을 가입하였다면 보험 회사와 연락하여 피해 상황을 보고하고 필요한 조치를 취하세요."
    },
    {
      "question": "곰팡이 관리는 어떻게 해야 하나요?",
      "answer": "침수로 인한 곰팡이와 미생물의 번식을 방지하기 위해 곰팡이 예방 물질을 사용하거나 전문 업체의 도움을 받으세요. 침수로 인한 피해는 복구가 어려울 수 있으므로, 가능한 전문가의 조언을 듣고 행동하는 것이 좋습니다. 청소 및 복구 과정을 조심스럽고 체계적으로 진행하여 미래에 발생할 수 있는 문제를 방지하는 데 도움이 될 것입니다."
    },
    {
      "question": "저지대 주택에 침수피해를 당했을 때 주택에 들어가기 전 행동요령은 ?",
      "answer": "침수된 주택은 가스누출, 감전 위험이 있으므로 바로 들어가지 마시고 환기를 시킨 후, 가스·전기차단기가 OFF에 있는지 확인하시고 전문가의 안전점검을 받아 안전한 경우 사용하시기 바랍니다."
    },
    {
      "question": "홍수 피해가 예상되는 지역 주민은 기상변화를 어떻게 알 수 있나요?",
      "answer": "라디오나 TV, 인터넷을 통해 기상변화를 알아둡시다"
    },
    {
      "question": "갑작스러운 홍수가 발생했을 때 어떻게 대피해야 하나요?",
      "answer": "높은 곳으로 빨리 대피합시다."
    },
    {
      "question": "비탈면이나 산사태가 일어날 수 있는 지역에는 어떻게 해야 하나요?",
      "answer": "비탈면이나 산사태가 일어날 수 있는 지역에 가까이 가지 맙시다."
    },
    {
      "question": "바위나 자갈 등이 흘러내리기 쉬운 비탈면 지역의 도로를 통행할 때는 어떻게 해야 하나요?",
      "answer": "비탈면 지역의 도로 통행을 삼가고, 만약 도로를 지날 때 주위를 잘 살핀 후 이동합시다."
    },
    {
      "question": "홍수 예상 시 전기와 가스는 어떻게 해야 하나요?",
      "answer": "전기차단기를 내리고 가스 밸브를 잠급시다."
    },
    {
      "question": "침수된 지역에서 자동차를 운전해도 되나요?",
      "answer": "침수된 지역에서 자동차를 운전하지 맙시다."
    },
    {
      "question": "지정된 대피소에 도착하면 무엇을 해야 하나요?",
      "answer": "도착사실을 알리고, 통제에 따라 행동합시다."
    },
    {
      "question": "침수주택에서 가스와 전기는 언제 사용해야 하나요?",
      "answer": "가스·전기차단기가 off에 있는지 확인하고, 기술자의 안전조사가 끝난 후 사용합시다."
    },
    {
      "question": "수돗물이나 저장식수는 언제 사용해야 하나요?",
      "answer": "오염 여부를 반드시 조사 후에 사용합시다."
    },
    {
      "question": "홍수 특보기준은 무엇인가요?",
      "answer": "국토교통부 홍수통제소에서 수계별 주요지점 홍수 예·경보 기준수위에 따라 발령함."
    },
    {
      "question": "홍수에서 내 건강을 보호하려면 어떻게 해야 합니까?",
      "answer": "홍수는 장티푸스, 콜레라, 말라리아, 황열과 같은 수인성 및 매개성 질병의 전파를 잠재적으로 증가시킬 수 있으므로 위험을 알고 수원을 보호하는 것이 중요합니다. 홍수와 관련된 가장 일반적인 위험은 식수 시설의 오염과 모기의 번식지가 될 수 있는 고인 물의 오염, 화학적 위험, 손상 등을 유발할 수 있습니다."
    },
    {
      "question": "홍수 동안 다음과 같은 방법으로 건강을 보호하세요.",
      "answer": "지역 사회의 대피 경로와 경고 신호를 알고 홍수나 산사태가 발생하기 쉬운 지역을 알고 있어야 합니다.\n식수 및 음식 준비를 위한 모든 물을 염소화하거나 끓여 사용함으로써 수인성 질병 의 발생 위험을 줄입니다. 홍수 이후에 실행해야 할 가장 중요한 예방 조치는 안전한 식수를 중단 없이 제공하는 것입니다.\n홍수와 접촉한 경우에는 비누와 깨끗한 물로 손을 씻으세요. 접시를 닦거나 양치질, 음식을 준비 할 때에는 홍수 물을 사용하지 마세요.\n침수 지역을 걷거나 운전하는 것을 피하세요. 전선이 물에 빠졌는지, 위험한 화학 물질이 있는지 알 수 없기 때문에 적은 양의 물이라도 심각한 위험을 초래할 수 있습니다. 홍수가 나면 자동차와 사람이 쉽게 휩쓸릴 수 있습니다.\n홍수에 닿은 음식은 모두 버리세요. 음식이 범람수에 닿았다면 먹기에 안전하지 않으며 수인성 질병의 위험이 높아집니다.\n집이 침수된 경우 안전하게 청소하세요. 베개, 매트리스와 같이 세탁 및 세척할 수 없는 품목은 버리세요. 모든 벽, 바닥 및 기타 표면은 세제, 물, 표백제로 청소하세요.\n모기로부터 보호 하세요. 집에 물이 고였다면 모기 기피제를 사용하고 옷이나 피부에 바릅니다. 또한 바지와 긴팔 셔츠를 입고 잘 때는 모기장으로 침대를 덮으세요."
    },
    {
      "question": "침수 지역에서 운전하면 안 되는 이유는 무엇인가요?\n",
      "answer": "홍수는 수영 능력에 상관없이 모든 사람에게 익사 위험을 초래할 수 있습니다. 빠르게 움직이는 얕은 물은 치명적일 수 있으며, 얕은 물도 어린 아이들에게는 위험할 수 있습니다. 자동차나 다른 차량은 홍수에 휩쓸려 가기 때문에 당신을 보호하지 못합니다."
    },
    {
      "question": "홍수 발생 시 따라야 할 기본적인 경고는 무엇인가요?",
      "answer": "항상 침수된 도로에 대한 경고를 따르고 홍수 지역에서 운전하지 마십시오."
    },
    {
      "question": "홍수로 인한 건강 위험에는 어떤 것들이 있나요?",
      "answer": "홍수에는 끊어진 전선, 인간 및 가축 폐기물, 가정, 의료 및 산업 유해 폐기물(화학, 생물, 방사선 등), 비소, 크롬, 수은과 같은 발암성 화합물을 함유할 수 있는 석탄재 폐기물, 질병을 유발할 수 있는 기타 오염 물질, 목재, 차량 및 파편과 같은 물리적 개체, 설치류 및 뱀과 같은 야생 또는 길 잃은 동물이 포함될 수 있습니다."
    },
    {
      "question": "홍수와 접촉한 경우 어떻게 해야 하나요?",
      "answer": "가능한 한 빨리 비누와 깨끗한 물로 해당 부위를 씻으십시오. 비누나 물이 없으면 알코올이 함유된 물티슈나 소독제를 사용하십시오. 상처를 치료하고 필요한 경우 의사의 진찰을 받으십시오. 홍수나 오수에 오염된 의복은 뜨거운 물과 세제로 세탁하십시오. 홍수에 들어가야 하는 경우 고무장화, 고무장갑 및 고글을 착용하십시오."
    },
    {
      "question": "홍수로 인한 손상을 예방하는 방법은 무엇인가요?",
      "answer": "홍수에는 손상을 일으키고 감염을 유발할 수 있는 유리나 금속 조각과 같은 날카로운 물체가 포함될 수 있습니다. 즉각적인 응급처치는 작은 상처를 치유하고 감염을 예방하는 데 도움이 될 수 있습니다. 찔린 상처나 대변, 흙 또는 타액으로 오염된 상처가 생긴 경우 의료 전문가에게 진료를 받으십시오."
    },
    {
      "question": "호우예보시 취약지역 거주자의 해동요령이 무엇일까?",
      "answer": "(지역주민) 저지대, 상습침수지역에 거주하고 있는 주민은 기상정보를 수시로 확인하고, 대피를 준비합니다. 사전대피가 필요할 경우 전기, 가스를 차단하고 대피합니다. (상가) 많은 비가 예보되면 음식점 등 상가에서는 거리에 비치한 간판 등 전기 시설물을 건물 안으로 옮겨둡니다. (마을관리자) 마을 이장, 통·반장 등 관리자는 마을방송 또는 비상연락망 등을 통해 외출 자제를 당부하고, 비상시 마을 주변 대피 장소를 사전에 안내합니다"
    },
    {
      "question": "호우예보시 지하공간 거주,관리,이용자가 해야할 행동요령은 무엇일까?",
      "answer": "비상상황에 대비해 방범창 등을 절단할 수 있는 공구(절단기 등)를 사전에 준비합니다. 침수 공간에서 탈출이 불가능할 경우를 대비하여 물에 뜰 수 있는 부유용품(구명조끼, 튜브, 대형스티로폼 등)을 준비합니다. 지하역사, 지하주차장 등 공동으로 이용하는 시설의 비상구 위치를 수시로 파악하고, 비상상황을 대비한 대피경로를 익혀둡니다."
    },
    {
      "question": "호유예보시 공동주택 관리자의 행동 요령에는 무엇이 있을까?",
      "answer": "(평상시) 물막이 판 설치, 모래주머니 및 양수기 등을 비치하고 물막이 판·모래주머니를 신속히 설치할 수 있도록 수방자재 설치자를 사전에 지정합니다.지하공간으로 비가 유입되기 시작하면 5∼10분 만에 지하공간이 침수되기 때문에 입구가 여러 개인 경우 가급적 1인씩 지정하여 관리합니다.침수 피해가 예상되는 경우 대피장소를 사전에 안내하고, 차량 이동은 호우 전에만 가능토록 안내합니다. 물막이 판 설치 시간을 안내하고, 물막이 판 설치 이후에는 차량이동이 불가함을 안내합니다. 독거노인, 장애인, 기타 도움이 필요한 안전취약계층에 대해서는 대피 시 필요정보를 사전에 공지하고 안전상 문제가 없는지 인터폰, 전화 등을 활용하여 수시로 확인합니다"
    },
    {
      "question": "호유예보시 차량 이용자 호우 예보시 행동요령이 무엇이 있을까?",
      "answer": "비상시 탈출을 위한 차량용 망치 등을 구비합니다. 침수가 예상되는 지하공간 주차는 금지하고, 하천변, 해변가, 저지대 등에 주차된 자동차는 안전한 곳으로 이동시킵니다. 지역 당국이 대피를 권고하거나 명령하는 경우 둔치 주차장에 주차한 차량을 이동시켜야 하며, 대피 안내 수신을 위해 차량에 연락처를 남겨두어야 합니다."
    },
    {
      "question": "호우 주의보,경보시 보행자의 행동요령에는 무엇이 있을까?",
      "answer": "침수된 지역은 절대 접근하지 않습니다.침수된 지역은 물의 깊이나 도로의 상태 등을 확인할 수 없고, 밤에는 시야가 확보되지 않아 더욱 위험합니다.물이 혼탁한 경우 시야 확보가 불가능하여 뾰족한 물건이나 무거운 물건 등 위험한 물건이 신체를 해칠 수 있습니다.침수 시 보행이 가능한 수위 기준은 무릎(약 50cm)까지이며, 약 15cm 정도로 수위가 낮아도 물살이 거세어 움직일 수 없게 될 위험성이 있으므로 물이 흘러오면 즉시 근처 건물 2층 이상이나 높은 곳으로 대피합니다. 물이 빠지는 것(2∼3시간 후)을 보고 안전이 확보되면 이동합니다. 하수도, 맨홀 근처는 추락으로 인한 휩쓸림 사고가 발생할 수 있으므로 접근을 금지합니다. 침수된 도로 보행 시 느리고 안정적인 걸음으로 이동하며, 도로 중심보다는 건물 외벽을 붙잡고 이동합니다. 침수된 도로 보행 시 긴 막대기를 활용하여 맨홀이나 장애물 여부 등을 확인합니다. 물이 강하게 흐르거나 소용돌이를 일으키는 경우 맨홀 뚜껑이 열려있을 수 있어 피해서 이동합니다. 맨홀 뚜껑에서 기포가 나온다면 뚜껑이 갑자기 열릴 수 있다는 신호이므로 즉시 먼 곳으로 벗어나야 합니다. 침수된 도로 보행 시 신호등, 가로등, 입간판 등 옥외 전기시설물에서 최소 2∼3m 떨어져서 보행합니다. 전기선 및 전기설비, 전봇대, 가로등, 입간판 등 도로시설물, 금속 구조물, 파이프, 철조망 등은 감전 위험이 있으므로 주의합니다."
    },
    {
      "question": "호우 주의보,경보시 지하공간 이용자가 해야하는 행동요령은 무엇이있을까?",
      "answer": "(반지하주택, 지하 역사·상가) 지하주택(반지하), 지하철, 상가 등 지하공간 바닥에 물이 조금이라도 차오르거나 하수구에서 역류 시 즉시 대피합니다.물이 집 안으로 들어오고 있는 상황이라면 출입문부터 개방합니다. 외부수심이 무릎 이상(약 50cm)일 경우 혼자서 개방이 불가하므로, 전기전원 차단 후 여러 명이 힘을 합쳐 문을 열고 신속히 대피합니다. 이동 시에는 난간 등 신체 지지에 도움이 되는 것을 잡고 이동하고, 갑작스러운 정전이 발생될 수 있으니 승강기는 이용하지 않습니다. 문을 통해 대피 불가능 시 다른 대피로 확보 (반지하주택) 방범창이 안 열릴 경우 가능하다면 절단기 등을 이용해 방범창을 자르고 탈출합니다. (지하 역사ㆍ상가) 우회하여 탈출할 수 있는 비상통로 및 출구로 이동하여 신속히 지하공간에서 벗어납니다. 탈출에 실패했을 경우 전기와 가스 차단 후 119나 외부에 즉시 도움을 요청하고, 침수가 진행될 것으로 예상되면 구명조끼, 튜브 등 물에 뜰 수 있는 물건을 활용하여 구조를 기다립니다. (지하계단) 지하계단은 정강이 높이(약 30∼40cm) 정도로만 물이 유입되어도 성인이 올라가기 어렵기 때문에 조금이라도 흘러들어오면 즉시 대피합니다. 특히, 계단에 유입되는 물이 발목 높이라도 어린이나 노약자는 올라갈 수 없으니 조금이라도 유입이 되면 즉시 대피합니다. 무릎 높이인 50cm 이상은 성인도 이동이 어렵습니다. 대피 시에는 미끄러운 구두, 하이힐이나 슬리퍼보다는 운동화가 대피에 용이하고, 특히 장화는 안으로 물이 차 대피가 어려우니 가급적 피합니다. 마땅한 신발이 없을 시, 맨발로 대피하며 이동 시에는 난간을 잡고 이동합니다.  (지하주차장) 물이 조금이라도 차오르면 차량은 두고 즉시 탈출하고 주차장으로 빗물이 들어오면 차량을 밖으로 이동하지 말고 몸만 탈출합니다. 경사로를 따라 물이 들어오기 시작하면 차량은 수압으로 움직일 수 없어 사람만 신속하게 대피해야 하고, 특히 차량확인 등을 위한 지하주차장 진입은 절대 금지합니다.\n"
    },
    {
      "question": "호우 주의보,경보시 공통주택 관리자가 해야하는 행동요령은 무엇이있을까?",
      "answer": "(호우 시) 기상청 특보를 예의주시하고 많은 양의 비가 예상되는 경우에는 신속하게 물막이 판과 모래주머니를 설치합니다.(대피안내) 물막이 판·모래주머니를 설치 후 반지하 등 지하공간에 빗물 유입 시 즉시 대피를 안내하고, 지하주차장 등은 진입을 금지합니다.대피 시에는 건물 내 높은 공간이나 가까운 대피시설로 이동케 하고, 지하주차장 차량 이동 등을 위한 지하공간 진입은 철저히 차단합니다. 대피약자가 있는 경우 주변에 도움을 요청하여 함께 대피합니다."
    },
    {
      "question": "호우 주의보,경보시 차량이용자가 해야하는 행동요령은 무엇이있을까?",
      "answer": "(차량침수) 차량이 침수되기 시작하면 타이어 높이의 2/3 이상 잠기기 전에 차량을 안전한 곳으로 이동시키고, 이동이 불가능한 경우에는 시동이 꺼지기 전에 탈출을 위해 창문 또는 썬루프를 열어둡니다. 차량이 침수된 상황에서 외부 수압으로 문이 열리지 않을 때는 좌석 목받침 하단 철재봉을 이용하여 유리창을 깨서 대피합니다.유리창을 깨지 못한 경우 차량 내·외부 수위 차이가 30cm 이하가 될 때까지 기다렸다가 차량 문이 열리는 순간 탈출합니다.탈출 후 물보다 높은 곳으로 대피하고, 마땅치 않을 경우 차량 지붕 위로 올라가 119에 연락 후 대기합니다. (침수도로 운전) 저단 기어로 운전해 빠르게 벗어납니다.\n주행 중 차를 두고 대피해야 하는 경우에는 차 열쇠를 잘 보이는 곳에 두고, 문을 잠그지 않은 채 귀중품 등을 가지고 대피합니다. (지하차도) 침수가 시작된 지하차도는 절대 진입하지 않으며, 진입한 경우에는 차량을 두고 신속히 밖으로 대피합니다. 침수된 지하차도 진입/탈출 시 차량의 비상점멸등을 켜서 뒤 차량에게 위험을 전달합니다. (세월교 횡단) 급류가 있는 교량에서 차량은 수압에 의해 하천으로 밀릴 수 있어 절대 진입하지 마시고 우회하거나 안전한 곳에서 대기합니다. 만약, 급류에 차량이 고립되면 급류가 밀려오는 반대쪽 문을 열고 탈출하고 문이 열리지 않으면 창문을 깨고 탈출합니다. 물이 흘러오는 방향은 유속으로 인한 외력이 작용하여 차량의 문을 열기 어렵습니다.\n"
    },
    {
      "question": "호우 예보시 사전준비는 어떤게 있을까?",
      "answer": "핵심 행동요령: 호우는 하천 범람, 산사태, 침수 등을 통해 인명피해와 재산피해를 발생시킬 수 있기 때문에\n가족이나 이웃과 함께 대비합니다. 상세 행동요령: ∙ 재난정보를 수신할 수 있도록 준비하고, 거주지역의 재해위험 요인(과거 피해 이력 등)을 미리 확인합니다. 재난정보는 TV, 라디오, 인터넷, 스마트폰 안전디딤돌 앱에서 수신합니다. 가족이나, 이웃과 함께 대피계획을 세웁니다. 지역의 대피 장소(행정복지센터, 학교 등)와 안전한 이동 방법, 대피요령을 미리 숙지하고, 어린이들에게 알려주어야 합니다. 대피경로는 하천변, 산길, 전신주나 변압기 주변, 침수된 지역 등은 피하도록 합니다. 가족이 각각 이동할 때를 대비하여 다시 만날 장소를 미리 정합니다. 주변의 시설물을 점검합니다. 주변의 배수로, 빗물받이는 수시로 청소를 실시하고 비가 새거나 막힌 곳이 있는지 확인합니다. 비탈면, 옹벽, 축대 등에 균열이 있는지 점검하고, 위험할 경우 정비하거나 시·군·구청에 신고합니다. 재난 발생에 대비하여 비상용품을 미리 준비합니다. 전기와 가스, 수도 등이 멈추는 경우를 대비하여 최소 3일간 버틸 수 있는 식량ㆍ식수ㆍ생필품 등을 미리 비축해둡니다. 응급약품, 손전등, 식수, 비상식량, 라디오, 핸드폰 충전기, 휴대용 버너, 담요 등 비상용품을 미리 한 곳에 준비해 둡니다. 차량이 있는 경우에는 연료를 미리 채워 두고, 차량이 없을 경우에는 차량이 있는 가까운 이웃과 같이 이동할 수 있도록 미리 약속해 둡니다."
    },
    {
      "question": "호우특보 예보시 진행별 행동요령에는 어떤게 있을까?",
      "answer": "핵심 행동요령: TV, 라디오, 인터넷 등에서 호우특보가 예보된 때에는 거주 지역에 영향을 주는 시기를 미리 파악하고,\n호우가 발생하기 전에 가족이나 지역주민과 함께 피해를 예방하기 위해 필요한 조치를 합니다. 상세 행동요령: 외출을 자제하고 수시로 기상상황 및 거주지역 주변 위험상황, 재난정보를 파악합니다. 산간·계곡, 하천, 방파제 등 위험지역에서는 주변에 있는 사람들과 함께 안전한 곳으로 이동합니다. 등산, 야영, 물놀이, 낚시 등을 멈추고 즉시 안전한 곳으로 이동합니다. 저지대나 상습침수지역, 산사태 위험지역, 지하공간이나 붕괴 우려가 있는 노후주택·건물 등에서는 안전한 곳으로 이동합니다. 차량이나 시설물 등의 보호 조치를 합니다. (가정) 하수구나 집 주변의 배수구를 미리 점검하고 막힌 곳은 뚫어야 합니다. (지하주차장, 지하 공간) 침수가 예상되는 아파트 지하주차장, 건물 등에서는 모래주머니, 물막이 판 등을 이용하여 피해를 예방합니다. (하천이나 해변, 저지대) 주차된 차량은 안전한 곳으로 이동합니다. 대피를 권고하거나 명령하는 경우 둔치 주차장에 주차한 차량을 이동시켜야 하며, 대피 안내 수신을 위해 차량에 연락처를 남겨두어야 합니다. (농촌) 농경지 용ㆍ배수로와 논둑을 정비하여 피해를 예방하고, 물꼬를 조정합니다. 단, 비가 오기 전(예비특보 단계)에만 조치합니다. (어촌) 선박은 단단히 결박하거나 육지로 인양하고, 어망ㆍ어구 등을 안전한 곳으로 이동시킵니다. 가족과 함께 비상용품을 준비하여 재난 발생에 대비합니다. 비상시 신속히 응급용품을 가지고 대피할 수 있도록 사전에 배낭 등에 모아둡니다. 상수도 공급이 중단될 수 있으므로, 욕조 등에 미리 물을 받아둡니다. 어르신, 어린이, 장애인 등 주변의 대피약자 안부를 수시로 확인하고, 비상시 대피방법을 미리 전달합니다."
    },
    {
      "question": "자연재해 시 응급처치는 어떻게 해야 하나요?",
      "answer": "개방된 상처의 즉각적인 응급처치는 감염을 예방하는 데 도움이 될 수 있습니다. 개방 상처가 있는 경우 홍수 물과의 접촉을 피하십시오. 비누와 깨끗한 물로 씻어서 개방 상처를 가능한 한 깨끗하게 유지하십시오. 감염 가능성을 줄이기 위해 방수 붕대로 열린 상처를 덮으십시오. 발적, 부기, 삼출물 또는 발열, 통증 증가, 숨가쁨, 빠른 심박수, 혼미 또는 방향 감각 상실과 같은 감염의 다른 징후가 나타나면 즉시 의료 처치를 받으십시오."
    },
    {
      "question": "개방 상처와 발진의 감염을 예방하는 방법은 무엇인가요?",
      "answer": "홍수에 노출된 상처와 발진은 감염될 수 있습니다. 예를 들어, 비브리오는 특정 연안 해역에 서식하는 자연 발생 박테리아로 개방된 상처가 노출되면 피부 감염을 일으킬 수 있습니다. 자신과 가족을 보호하려면 개방 상처가 있는 경우 홍수에 노출되지 않도록 하십시오. 감염 가능성을 줄이기 위해 방수 붕대로 깨끗하고 열린 상처를 덮으십시오. 비누와 깨끗한 물로 잘 씻어서 열린 상처를 가능한 한 깨끗하게 유지하십시오. 상처가 붉어지거나 부어오르거나 삼출물이 나오면 즉시 의사의 진료를 받으십시오."
    },
    {
      "question": "상처가 생긴 경우 언제 의사의 진료를 받아야 하나요?",
      "answer": "다음과 같은 경우 가능한 한 빨리 의사의 진료를 받으십시오:\n\n상처에 이물질(흙, 나무, 금속 또는 기타 물체)이 박혀 있습니다.\n상처는 감염의 특별한 위험이 있습니다(예: 개가 물거나 더러운 물건에 찔린 상처).\n감염의 징후는 통증, 동통 증가, 부기, 발적, 발열 등이 있습니다."
    },
    {
      "question": "설사병으로부터 자신과 가족을 보호하려면 어떻게 해야 하나요?",
      "answer": "홍수물에는 하수가 포함될 수 있으며 홍수물로 오염된 것을 먹거나 마시면 설사병(예: 대장균 또는 살모넬라 감염)을 유발할 수 있습니다. 자신과 가족을 보호하려면 홍수 물과 접촉한 후에는 손을 씻으십시오. 또한 식사 전에 항상 비누와 물로 어린이의 손을 씻어야 합니다. 아이들이 홍수 지역에서 놀지 못하게 하십시오. 홍수로 오염되고 소독되지 않은 장난감을 아이들이 가지고 놀지 못하게 하십시오. 홍수로 오염된 강, 시내, 호수를 포함하여 하수나 유독성 화학물질에 오염될 수 있는 물로 목욕을 하지 마십시오."
    },
    {
      "question": "동물과 벌레에 물리지 않도록 하려면 어떻게 해야 하나요?",
      "answer": "동물, 곤충 및 파충류에 물리지 않도록 경계하고 접촉을 피하십시오."
    },
    {
      "question": "홍수 물에 있을 수 있는 화학 물질에 주의해야 하는 이유는 무엇인가요?",
      "answer": "홍수로 인해 화학물질 용기가 정상적인 보관 장소에서 이탈할 수 있습니다. 발견한 프로판 탱크를 옮기려고 하지 마십시오. 화재나 폭발을 일으킬 수 있습니다. 발견하면 즉시 경찰, 소방서에 연락하십시오. 자동차 배터리를 제거할 때 각별히 주의하십시오. 홍수에 빠진 경우에도 자동차 배터리에는 전하가 있을 수 있습니다. 절연 장갑을 사용하고 손상된 자동차 배터리에서 흘러나온 액과의 접촉을 피하십시오."
    },
    {
      "question": "집 안팎에서 전기 위험을 피하려면 어떻게 해야 하나요?",
      "answer": "홍수가 발생한 후 집과 다른 곳에서 전기 위험을 주의해야 합니다. 화재, 감전사 또는 폭발을 방지하기 위해 가정의 전력과 천연가스 또는 프로판 탱크를 차단하십시오. 넘어진 전선을 절대 만지지 마십시오. 전력 회사에 전화하여 떨어진 전선을 보고하십시오. 청소 및 기타 활동 중에는 가공 전력선과의 접촉을 피하십시오. 물속에 떨어진 전선이 있을 수 있으므로 고인 물에서 운전하지 마십시오. 누군가가 감전됐다고 생각되면 119에 전화하도록 하십시오."
    },
    {
      "question": "호우 특보중 사전준비는 어떤게 있을까?",
      "answer": "핵심 행동요령: 호우가 시작된 때에는 신속히 안전한 곳으로 대피하고, 외출을 삼가며 이웃이나 가족과의 연락을 통해 안전 여부를 확인합니다. 상세행동요령: 외출을 자제하고 수시로 기상상황 및 거주지역 주변 위험상황, 재난정보를 파악합니다. 외부에 있는 가족, 지인, 이웃과 연락하여 안전을 확인하고 위험정보 등을 공유합니다. 차량은 속도를 줄여 운행하고, 개울가, 하천변, 해안가 등 급류에 휩쓸릴 수 있는 지역이나 침수 위험지역에는 접근하지 말고 주변에 있는 사람들에게 알려 줍니다. 위험지역에 절대 접근하지 않습니다. 침수된 도로, 지하차도, 교량 등은 사람과 차량의 통행을 엄격히 금지하고 주변에 있는 사람들에게 알려 진입하지 않도록 합니다. 산간·계곡, 하천, 해안가 등 급류에 휩쓸릴 수 있는 지역에서 빠르게 벗어납니다. 공사장, 가로등, 신호등, 전신주, 지하공간 등 위험지역에는 접근하지 않도록 합니다. (농촌) 논둑이나 물꼬를 보러 나가지 않습니다. (이동식 가옥ㆍ임시 시설) 이동식 가옥이나 임시 시설에 거주할 경우에는 견고한 건물로 즉시 이동하고 주변에 있는 사람들에게 위험지역을 알려줍니다. (산사태 위험지역) 산사태 위험지역에 있는 경우 산사태 경보 발령이 이루어지지 않더라도 산사태 징후를 파악한 경우 스스로 대피합니다. 건물, 집안에서는 안전수칙을 지킵니다. 가스 누출로 2차 피해가 발생할 수 있으므로 사전에 차단하고, 감전 위험이 있는 집 안팎의 전기시설은 만지지 않도록 합니다. 물에 젖은 손으로 절대 전기 시설을 만지지 않습니다. 정전이 발생한 경우 양초를 사용하지 말고 손전등, 휴대폰 등을 사용합니다. 건물 안에 물이 조금이라도 차오를 경우 즉시 높은 곳 혹은 주변 대피장소로 이동합니다. 침수, 붕괴 우려, 산사태 위험 등으로 대피가 필요할 시 주변에 대피에 어려움이 있는 약자(어르신, 어린이, 장애인 등)와 함께 대피합니다."
    },
    {
      "question": "호우 이후어떠한 행동을 해야할까?",
      "answer": "핵심 행동요령:호우가 지나간 후에는 이웃 등 주변의 피해 상황을 확인하고, 가까운 행정복지센터 등에 피해를 신고하여 보수·보강을 하도록 합니다. 상세 행동요령: 가족과 지인의 안전 여부를 확인하고, 피해지역에 접근하지 않습니다. 가족과 지인에게 연락하여 안전 여부를 확인하고, 연락이 되지 않고 실종이 의심될 경우에는 가까운 경찰서에 신고합니다. 침수된 도로나 교량은 파손되었을 수 있으므로 건너지 않습니다. 하천 제방 근처, 지반이 약해진 비탈면은 무너질 수 있으니 가까이 가지 않습니다. 고립된 지역에서는 무리하게 물을 건너지 말고, 119나 행정복지센터(주민센터) 등에 신고하거나 주변에 도움을 요청합니다. 집으로 복귀 후 피해여부를 확인하고 신고합니다. 대피 후 집으로 돌아온 경우 반드시 주택 등의 안전 여부를 확인하고 출입합니다. 파손된 시설물(주택, 상하수도, 축대, 도로 등)은 가까운 시·군·구청이나 행정복지센터(주민센터)에 신고합니다. 파손된 사유시설을 보수 또는 복구할 때에는 반드시 사진을 찍어 둡니다. 주변에 있는 사람들과 함께 호우로 인한 2차 피해를 방지합니다. 물이 빠져나가고 있을 때에는 기름이나 동물 사체 등 오염된 경우가 많으므로 물에서 멀리 떨어져 있도록 합니다. 수돗물이나 저장되었던 식수는 오염 여부를 확인한 후에 사용하고, 침수된 음식이나 재료는 식중독의 위험이 있으므로 사용하지 않습니다. 침수된 주택은 가스와 전기차단기가 내려가 있는지 확인하고, 한국가스안전공사(1544-4500)와 한국전기안전공사(1588-7500) 또는 전문가의 안전점검 후에 사용합니다. 호우로 피해를 입은 주택 등은 가스가 누출될 수 있으므로 창문을 열어 충분히 환기하고, 성냥불이나 라이터는 환기 전까지 사용하지 않습니다. 쓰러진 농작물은 일으켜 세우고, 침수된 논과 밭을 배수할 때에는 작물에 묻은 흙, 오물 등을 씻어내고 긴급 병해충 방제를 실시합니다."
    },
    {
      "question": "호우시 국민해동 요령에는 무엇이 있을까?",
      "answer": "자주 물에 잠기는 지역, 산사태 위험지역 등의 위험한 곳은 피하고, 안전한 곳으로 대피합니다. 실내에서는 문과 창문을 닫고, 외출을 하지 않으며, TV, 라디오, 인터넷 등을 통해 기상 상황을 확인합니다. 개울가, 하천변, 해안가 등 침수 위험지역은 급류에 휩쓸릴 수 있으니 가까이 가지 않습니다.산과 계곡의 등산객은 계곡이나 비탈면 가까이 가지 않고, 안전한 곳으로 대피합니다. 공사자재가 넘어질 수 있으니 공사장 근처에 가까이 가지 않습니다. 농촌에서는 논둑이나 물꼬의 점검을 위해 나가지 않습니다.하천 급류 : 호우·태풍 등으로 하천 수위가 높아지는 경우 하천 주변에 접근하지 않습니다. 차량 침수 : 조금이라도 침수된 지하차도와 도로는 절대 지나가지 않습니다. 강풍에 의한 낙하물 : 유리창 및 건물 간판 근처는 강풍에 의한 낙하물로 피해를 입을 수 있으니 가급적 공터나 건물 안으로 대피합니다. 낙뢰 : 번개를 본 후 30초 이내에 천둥소리를 들었다면 신속히 안전한 장소로 대피하여 즉시 몸을 낮추고 물이 없는 움푹 파인 곳이나 동굴 안으로 대피합니다. 세월교·교량 횡단:세월교나 소규모 교량이 물에 잠긴 경우 절대 건너지 않습니다. 물꼬: 호우·태풍 특보가 발효된 경우 물꼬를 보러 나가지 않도록 합니다. 어린이:  부모님이나 선생님과 떨어지지 않도록 가까이 이동하고 말씀에 귀 기울여 듣도록 합니다. 부모님과 선생님의 말씀에 따라 강한 바람이나 비를 피해 안전한 장소로 질서를 유지하며 이동합니다.보호자 행동요령: 어린이가 길을 잃고 무리에서 멀어지지 않도록 항상 체크합니다. 재난 상황에 당황하지 않고 침착한 자세로 어린이를 안전한 장소로 안내합니다. 노약자:  호우·태풍 등 특보가 발효된 경우 밖으로 나가지 않습니다. 부득이 하게 야외에 나가야 하는 경우 만일에 사태에 대비해 사전에 자녀·친척·이웃에게 알립니다. 보호자 행동요령: 호우·태풍 특보 시 부모님 등 노약자에게 외출하지 않도록 안부 전화를 합니다. 부모님 등 노약자와 연락체계를 항상 유지하며, 연락 두절 시 경찰서, 관공서 등에 신속하게 신고합니다."
    },
    {
      "question": "위기상황, 긴급상황 시 신고전화하려면 어떻게 행야할까?",
      "answer": "재난신고 119, 범죄신고 112, 민원 상담 110, 행정안전부 중앙재난안전상황실 044)205-1542~3"
    },
    {
      "question": "행정안전부 국민행동요령, 임시주거시설 등 안내를 보려고 하면어떡할까?",
      "answer": "행정안전부 홈페이지 http://www.mois.go.kr, 행정안전부 국민재난안전포털 http://www.safekorea.go.kr , 스마트폰 어플리케이션 ‘안전디딤돌’"
    },
    {
      "question": "유관기관 연락처 및 홈페이지 에는 머가있을까?",
      "answer": "행정안전부 044)205-5237, http://www.mois.go.kr, 기상청 02)2181-0503, http://www.kma.go.kr, 고용노동부 044)202-7746, http://www.moel.go.kr, 보건복지부 044)202-2652, http://www.moe.go.kr (질병관리본부 043)719-7265, http://www.cdc.go.kr), 농림축산식품부 044)201-1474, http://www.mafra.go.kr , 농촌진흥청 1544-8572, http://www.rda.go.kr ,해양수산부 044)200-5617, http://www.mof.go.kr ,교육부 044)203-6355, http://www.moe.go.kr"
    }
  ]
}